{
  "project_info": {
    "project_number": "249654500838",
    "project_id": "servexpert-cd5cf",
    "storage_bucket": "servexpert-cd5cf.appspot.com"
  },
  "client": [
    {
      "client_info": {
        "mobilesdk_app_id": "1:249654500838:android:dc4f3da39ac38729614a27",
        "android_client_info": {
          "package_name": "com.servexpert.serv_expert_webclient"
        }
      },
      "oauth_client": [
        {
          "client_id": "249654500838-d0o4mpvk3nt2f356jjcg03j59bsb0f4m.apps.googleusercontent.com",
          "client_type": 3
        }
      ],
      "api_key": [
        {
          "current_key": "AIzaSyAY7BsD4Nnecwv3L0_s3JpkXIRqQ68Fhgk"
        }
      ],
      "services": {
        "appinvite_service": {
          "other_platform_oauth_client": [
            {
              "client_id": "249654500838-d0o4mpvk3nt2f356jjcg03j59bsb0f4m.apps.googleusercontent.com",
              "client_type": 3
            },
            {
              "client_id": "249654500838-k2t1tlr0nqju2rmjdfgtjj965acutpl7.apps.googleusercontent.com",
              "client_type": 2,
              "ios_info": {
                "bundle_id": "com.servexpert.servExpertClient"
              }
            }
          ]
        }
      }
    }
  ],
  "configuration_version": "1"
}